https://careers-sv.columbusglobal.com/jobs/890368-senior-bi-konsult-inom-ai-data-analytics-goteborg?promotion=161399-arbetsformedlingen,24204567
https://jobb.orango.se/jobs/rm?rmpage=job&rmjob=112,24206236
https://elinked.se/jobs/rekrytering-sakerhetstekniker-i-goteborg/,24203834
https://www.alten.se/career/9188-Safety-Informatician,24202817
https://www.alten.se/career/9190-Safety-Data-Scientist,24202816
https://karriar.castra.se/jobs/928706-seniorkonsult-it-infrastruktur-castra-vast?promotion=172455-arbetsformedlingen,24202114
https://www.aplitrak.com/?adid=bWlrYWVsYS5qYWhyZXNrb2cuMDE0ODIuMzEwMUBhc3RyYXplbmVjYS5hcGxpdHJhay5jb20,24201176
https://career.na-kd.com/jobs/928149-product-manager?promotion=172266-arbetsformedlingen,24200778
https://www.poolia.se/lediga-jobb/?jobadid=57326,24199597
https://www.poolia.se/lediga-jobb/?jobadid=57323,24199559
https://web106.reachmee.com/ext/I008/1568/main?site=9&validator=0c70c7481daa738dfebfeae347c5270b&lang=SE&rmpage=job&rmjob=581,24199063
https://www.alten.se/career/9172-SENIOR-SPECIALIST-PS-ENABLEMENT,24198292
https://xamera.teamtailor.com/jobs/926447-ar-du-vertels-nya-systemutvecklare-med-fokus-pa-fri-programvara?promotion=171983-arbetsformedlingen,24198267
https://www.aplitrak.com/?adid=YW1hcnRlbnNzb24uNzgyMTIuMzEwMUBzYWFiLmFwbGl0cmFrLmNvbQ,24196316
https://www.aplitrak.com/?adid=bWlrYWVsYS5qYWhyZXNrb2cuMDY3NzAuMzEwMUBhc3RyYXplbmVjYS5hcGxpdHJhay5jb20,24195885
https://www.poolia.se/lediga-jobb/?jobadid=57308,24194968
https://www.aplitrak.com/?adid=dWxyaWNhLm1hcmtsdW5kMS45MTI5OS4zMTAxQGFzdHJhemVuZWNhLmFwbGl0cmFrLmNvbQ,24194896
https://career.na-kd.com/jobs/821584-business-intelligence-analyst?promotion=166159-arbetsformedlingen,24194711
https://recruit.visma.com/Public/Apply.aspx?guidAssignment=0784ab15-6e21-4053-bc08-ba630bb79e99&publishCode=AMS&TK=10d1fc96-b83d-4588-82ac-c16c8aaaddf9,24194165
https://www.aplitrak.com/?adid=YW50b25pYS5yZWltZXJzLjI0MzU5LjMxMDFAYXN0cmF6ZW5lY2EuYXBsaXRyYWsuY29t,24193682
http://www.jobshark.se/public/jobs/view/701?src=ABF,24193110
http://www.jobshark.se/public/jobs/view/657?src=ABF,24193102
https://recruit.visma.com/Public/Apply.aspx?guidAssignment=c9a87546-319b-4827-bc9d-6c6ff4d7dd20&publishCode=AMS&TK=6c8b1995-f6e7-401f-ab4e-0de16c8e8d17,24192465
https://recruit.visma.com/Public/Apply.aspx?guidAssignment=aafcb487-5231-486e-9759-56b9e6d634fe&publishCode=AMS&TK=0fa08866-25a0-4833-9136-335576f19dfe,24192902
https://trv.heroma.se/prod/TRVpp01/ExternWebbV2/LedigaJobb/EW2PageAnnons.aspx?arenderef=6506137925933267036&benamning=Senior+Systemutvecklare+IT+(Business+Intelligence),24192815
https://aliby.se/pnty_job/167-javautvecklare-arkitekt/,24192091
http://www.jappa.jobs,24191728
https://web106.reachmee.com/ext/I008/1568/main?site=9&validator=0c70c7481daa738dfebfeae347c5270b&lang=SE&rmpage=job&rmjob=68,24191588
http://www.aditrologistics.se/karriar/visa-annons?jaid=1287,24190795
https://karriar.collector.se/jobs/923105-tysktalande-kundtjanstmedarbetare?promotion=171215-arbetsformedlingen,24190621
https://www.adecco.se/ansok?zlid=035AA5A0-774A-449F-8888-D626BE2423B7&src=AMS,24189934
https://yourtalent.se/jobs/?jobid=117046&ref=platsbanken,24189135
https://volvo-car-corporation.contactrh.com/jobs/9669/33555224,24188722
https://www.bokio.se/jobs/ux-designer/,24188026
https://vgregion.varbi.com/what:job/jobID:347239/type:job/where:1/apply:1,24187865
http://www.uniflex.se/jobbannons?jaid=52440,24186732
http://www.uniflex.se/jobbannons?jaid=52439,24186724
https://jerrie.se/lediga-jobb/?jobid=115815&ref=platsbanken,24181929
https://ledigajobb.se/jobb/818f39/german-speaking-content-writer?utm_source=arbetsformedlingense&utm_medium=cpc&utm_campaign=arbetsformedlingense,24180896
http://www.lnpersonal.se/jobannons/?jaid=1443&apply=true,24179510
https://elinked.se/jobs/projektledare-till-expansivt-elforetag-i-goteborg/,24177997
http://www.aditrologistics.se/karriar/visa-annons?jaid=1277,24174428
https://karriar.happident.se/jobs/115516-vi-soker-en-affarsinriktad-cfo-till-happident-koncernen?ref=platsbanken,24174336
http://www.staffrec.se/viewjob.php?source=AMS&id=115273,24172657
https://candidate.hr-manager.net/ApplicationInit.aspx?cid=1795&ProjectId=143715&DepartmentId=18956&MediaId=4619&SkipAdvertisement=true,24157496
https://www.aplitrak.com/?adid=aGFubmEuc3RyYW5kYmVyZy44MDIwMy4zMTAxQGFzdHJhemVuZWNhLmFwbGl0cmFrLmNvbQ,24158997
https://career.na-kd.com/jobs/894031-marketing-analyst?promotion=162523-arbetsformedlingen,24158414
https://career.knightec.se/jobs/906361-digital-regulatory-consultant?promotion=167877-arbetsformedlingen,24157114
https://www.ikg.se/om-ikg/karriar?jobid=116158&ref=platsbanken,24156254
https://ledigajobb.se/jobb/7f9b61/dansktalande-content-writer-till-digitalbyr%C3%A5?utm_source=arbetsformedlingense&utm_medium=cpc&utm_campaign=arbetsformedlingense,24154521
https://xamera.teamtailor.com/jobs/909847-taggad-utvecklare-vi-har-mojligheterna-i-host?promotion=167493-arbetsformedlingen,24152543
https://www.aplitrak.com/?adid=aG1hdHRzb24uNzU3ODAuMzEwMUBzYWFiLmFwbGl0cmFrLmNvbQ,24143599
https://www.aplitrak.com/?adid=aG1hdHRzb24uMTIxNDUuMzEwMUBzYWFiLmFwbGl0cmFrLmNvbQ,24143585
https://i3tex.teamtailor.com/jobs/862536-mjukvaruutvecklare-embedded-till-i3tex-goteborg?promotion=154058-arbetsformedlingen,24141776
https://www.aplitrak.com/?adid=a3Jvbm5iYWNrLjA1MDk2LjMxMDFAc2FhYi5hcGxpdHJhay5jb20,24140066
https://youcru.it/VUsjIa,24139077
https://www.chalmers.se/sv/om-chalmers/Arbeta-pa-Chalmers/lediga-tjanster/Sidor/default.aspx?rmpage=job&rmjob=8711,24133106
https://www.chalmers.se/sv/om-chalmers/Arbeta-pa-Chalmers/lediga-tjanster/Sidor/default.aspx?rmpage=job&rmjob=8700,24124348
https://web103.reachmee.com/ext/I005/1035/main?site=6&validator=3038fcf1516ea1184a6da70a891f87da&lang=SE&rmpage=job&rmjob=16302,24123309
https://www.chalmers.se/sv/om-chalmers/Arbeta-pa-Chalmers/lediga-tjanster/Sidor/default.aspx?rmpage=job&rmjob=8670,24100713
https://career.na-kd.com/jobs/840208-vp-product?promotion=161796-arbetsformedlingen,24091659
https://career.na-kd.com/jobs/890748-planning-analysts?promotion=161543-arbetsformedlingen,24088728
https://karriar.ya.se/jobs/112672-utbildare-inom-styr-och-reglerteknik-fastighet?ref=platsbanken,24087295
http://www.studentconsulting.com/sv/jobs/goteborg/affarsutvecklaresaljare-sokes-till-alfasoft/53386/?utm_source=af&utm_medium=sharedjob&utm_content=job53386,23998970
http://www.lnpersonal.se/jobannons/?jaid=1442&apply=true,24179502
https://www.technogarden.se/jobs/856818-backendutvecklare-till-technogarden-it-goteborg?promotion=152449-arbetsformedlingen,23959337
https://www.technogarden.se/jobs/883163-fullstackutvecklare-till-technogarden-it-i-goteborg?promotion=159296-arbetsformedlingen,24059339
https://jerrie.se/lediga-jobb/?jobid=116973&ref=platsbanken,24198379
https://vgregion.varbi.com/what:job/jobID:346192/type:job/where:1/apply:1,24205799
https://www.aplitrak.com/?adid=bGFzZ2FyLjE1ODM1LjMxMDFAbWFucG93ZXJncm91cG5vcmRpY3MuYXBsaXRyYWsuY29t,24197357
https://banners.knollenstein.com/adnetwork/servlet/advertBeans.TrackingServlet?seid=59427483&t=101&cid=CNTRC&vid=1595926510922,24172201
https://www.capgemini.com/se-en/jobs/it-konsult-till-capgemini/,24186553
https://capio.varbi.com/what:job/jobID:344022/type:job/where:1/apply:1,24175433
https://www.didup.com/jobs,24142748
https://web103.reachmee.com/ext/I005/1035/main?site=6&validator=3038fcf1516ea1184a6da70a891f87da&lang=SE&rmpage=job&rmjob=16343,24126404
https://web103.reachmee.com/ext/I005/1035/main?site=6&validator=3038fcf1516ea1184a6da70a891f87da&lang=SE&rmpage=job&rmjob=16726,24194903
https://web106.reachmee.com/ext/I008/1568/main?site=9&validator=0c70c7481daa738dfebfeae347c5270b&lang=SE&rmpage=job&rmjob=534,24185689
https://banners.knollenstein.com/adnetwork/servlet/advertBeans.TrackingServlet?seid=58931088&t=101&cid=CNTRC&vid=1594884894212,24161127
https://www.aplitrak.com/?adid=bWlrYWVsYS5qYWhyZXNrb2cuNzUwMDcuMzEwMUBhc3RyYXplbmVjYS5hcGxpdHJhay5jb20,24204263
https://karriar.castra.se/jobs/928695-senior-it-projektledare-till-castra-vast?promotion=172453-arbetsformedlingen,24202106
https://newminds.nu/job/111-affarsdriven-konsultchef-inom-it-och-teknikrekrytering?pnty_src=arbetsformedlingen,24200367
https://www.aplitrak.com/?adid=bWlrYWVsYS5qYWhyZXNrb2cuMDAxNTUuMzEwMUBhc3RyYXplbmVjYS5hcGxpdHJhay5jb20,24194998
https://www.aplitrak.com/?adid=dHNjaHVsLjMwNjM1LjMxMDFAbWFucG93ZXJncm91cG5vcmRpY3MuYXBsaXRyYWsuY29t,24177898
https://www.aplitrak.com/?adid=dHNjaHVsLjk3NjQ0LjMxMDFAbWFucG93ZXJncm91cG5vcmRpY3MuYXBsaXRyYWsuY29t,24176373
https://career.plantvision.se/jobs/930013-konsult-med-inriktning-mot-industriella-it-losningar?promotion=172890-arbetsformedlingen,24205584
https://careers.minnatechnologies.com/jobs/923796-part-time-it-technician-and-office-support?promotion=171518-arbetsformedlingen,24193020
https://web106.reachmee.com/ext/I008/1568/main?site=9&validator=0c70c7481daa738dfebfeae347c5270b&lang=SE&rmpage=job&rmjob=114,24186182
https://thorengruppen.varbi.com/what:job/jobID:276609/type:job/where:1/apply:1,24200665
https://web106.reachmee.com/ext/I008/1568/main?site=9&validator=0c70c7481daa738dfebfeae347c5270b&lang=SE&rmpage=job&rmjob=532,24195695
https://web106.reachmee.com/ext/I008/1568/main?site=9&validator=0c70c7481daa738dfebfeae347c5270b&lang=SE&rmpage=job&rmjob=568,24202850
https://web106.reachmee.com/ext/I008/1568/main?site=9&validator=0c70c7481daa738dfebfeae347c5270b&lang=SE&rmpage=job&rmjob=660,24202008
https://web106.reachmee.com/ext/I008/1568/main?site=9&validator=0c70c7481daa738dfebfeae347c5270b&lang=SE&rmpage=job&rmjob=533,24195697
https://web106.reachmee.com/ext/I008/1568/main?site=9&validator=0c70c7481daa738dfebfeae347c5270b&lang=SE&rmpage=job&rmjob=650,24194353
https://web106.reachmee.com/ext/I008/1568/main?site=9&validator=0c70c7481daa738dfebfeae347c5270b&lang=SE&rmpage=job&rmjob=69,24191598
https://web106.reachmee.com/ext/I008/1568/main?site=9&validator=0c70c7481daa738dfebfeae347c5270b&lang=SE&rmpage=job&rmjob=609,24186170
https://web106.reachmee.com/ext/I008/1568/main?site=9&validator=0c70c7481daa738dfebfeae347c5270b&lang=SE&rmpage=job&rmjob=402,24186148
https://web106.reachmee.com/ext/I008/1568/main?site=9&validator=0c70c7481daa738dfebfeae347c5270b&lang=SE&rmpage=job&rmjob=67,24185381
https://web106.reachmee.com/ext/I008/1568/main?site=9&validator=0c70c7481daa738dfebfeae347c5270b&lang=SE&rmpage=job&rmjob=70,24135374
https://career.frontedgeit.se/jobs/912291-mjukvaruutvecklare?promotion=168219-arbetsformedlingen,24160913
https://www.aplitrak.com/?adid=amVubmpvLjY5NzY3LjMxMDFAbWFucG93ZXJncm91cG5vcmRpY3MuYXBsaXRyYWsuY29t,24190577
https://vgregion.varbi.com/what:job/jobID:342580/type:job/where:1/apply:1,24127180
https://openings.incluso.se/jobs/929195-tysktalande-supporttekniker,24203068
https://www.jobmetz.com/jobb/jobmetz/14356/tysktalande-supporttekniker/,24200925
https://www.northab.com/jobs/907183-tysktalande-supporttekniker?promotion=166585-arbetsformedlingen,24142699
https://www.aplitrak.com/?adid=bWlrYWVsYS5qYWhyZXNrb2cuMDY0ODEuMzEwMUBhc3RyYXplbmVjYS5hcGxpdHJhay5jb20,24201213
https://www.aplitrak.com/?adid=a3Jvbm5iYWNrLjg2MjQ2LjMxMDFAc2FhYi5hcGxpdHJhay5jb20,24201614
http://www.staffrec.se/viewjob.php?source=AMS&id=115345,24181347
https://career.na-kd.com/jobs/925905-backend-developer?promotion=171806-arbetsformedlingen,24196612
https://www.poolia.se/lediga-jobb/?jobadid=57305,24194951
https://www.poolia.se/lediga-jobb/?jobadid=57303,24194938
https://career.na-kd.com/jobs/906837-lead-merchandiser?promotion=166618-arbetsformedlingen,24142934
https://etraveligroup.teamtailor.com/jobs/905369-linux-system-administrator?promotion=166130-arbetsformedlingen,24137820
https://www.alten.se/career/9169-C-C-Developer-to-ALTEN,24192564
https://www.alten.se/career/9148-C-C-Developer-to-ALTEN,24151926
https://yourtalent.se/jobs/?jobid=117996&ref=platsbanken,24206648
https://www.northab.com/jobs/912059-infrastructure-operations-technician-iam-in-gothenburg?promotion=168158-arbetsformedlingen,24160260
https://etraveligroup.teamtailor.com/jobs/897140-senior-backend-developer?promotion=164406-arbetsformedlingen,24118789
https://etraveligroup.teamtailor.com/jobs/897001-java-developer-with-a-taste-for-frontend?promotion=164387-arbetsformedlingen,24118579
https://www.northab.com/jobs/905201-outsystems-developer?promotion=166010-arbetsformedlingen,24136866
https://nordasearch.se/lediga-tjanster/?aguid=A1174FD8EF844A449CE0076A10A61E99&ref=arbetsformedlingen,24204345
https://nordasearch.se/lediga-tjanster/?aguid=6C98BC29283A4AFF8E936F90EA93B5FC&ref=arbetsformedlingen,24193286
https://www.adecco.se/ansok?zlid=4B29BC3A-14DC-468B-9CFA-DE182DA575A0&src=AMS,24200747
https://oddwork.teamtailor.com/jobs/926521-android-developer-to-mullvad-vpn-gothenburg?promotion=172027-arbetsformedlingen,24198730
http://www.skill.se/ga-till-jobb/?jaid=5120,24181507
https://career.na-kd.com/jobs/926068-frontend-developer?promotion=172913-arbetsformedlingen,24205708
https://www.alten.se/career/9150-INTEGRATIONSUTVECKLARE-MULE,24152342
https://nordasearch.se/lediga-tjanster/?aguid=351918CF10444D76B2E50E84675F15E6&ref=arbetsformedlingen,24193377
https://nordasearch.se/lediga-tjanster/?aguid=C7489947DC894EA2AB94131538A3CAFC&ref=arbetsformedlingen,24161184
https://www.jobb.ecommercerecruit.se/jobs/909900-e-commerce-web-developer?promotion=167477-arbetsformedlingen,24152512
https://altran.contactrh.com/jobs/9669/33597235,24202266
https://www.aplitrak.com/?adid=bWlrYWVsYS5qYWhyZXNrb2cuMjkyODAuMzEwMUBhc3RyYXplbmVjYS5hcGxpdHJhay5jb20,24200526
https://www.framtiden.com/tjanster/?jobid=21782,24188362
https://www.sigmarecruit.se/apply-page?rmpage=job&rmjob=349&utm_source=adway&utm_medium=ams&utm_term=Data/IT&utm_content=350,24163878
https://www.northab.com/jobs/912290-service-reliability-engineer-to-client-in-gothenburg?promotion=168218-arbetsformedlingen,24160911
https://jobs.brassring.com/1033/ASP/TG/cim_jobdetail.asp?partnerid=25079&siteid=5171&Areq=105171BR,24153173
https://www.alten.se/career/9151-ERFAREN-FRONT-END-UTVECKLARE-SOM-GILLAR-ATT-VARA-MED-OCH-PAVERKA,24152341
https://www.alten.se/career/9149-CLOUD-DEVOPS-ENGINEER,24152095
https://career.knightec.se/jobs/906044-senior-system-developer-with-focus-on-cloud-solutions?promotion=166965-arbetsformedlingen,24147069
https://career.knightec.se/jobs/906400-lead-developer-with-focus-on-cloud-solutions?promotion=166359-arbetsformedlingen,24140319
https://karriar.castra.se/jobs/889774-integrationskonsult?promotion=161186-arbetsformedlingen,24083864
https://xamera.teamtailor.com/jobs/867921-taggad-mjukvaruutvecklare-sokes-ansok-och-bli-en-del-av-sigma-familjen?promotion=155479-arbetsformedlingen,24004693
https://Jobbakuten.easycruit.com/vacancy/application/2395575/179777?channel=amv&iso=se,24183818
https://career.irisity.com/jobs/814619-quality-assurance-engineer?promotion=168076-arbetsformedlingen,24159350
https://career.qrtech.se/jobs/905164-automotive-connectivity-developers?promotion=165991-arbetsformedlingen,24136676
https://jobs.hiberworld.com/jobs/887381-chief-technology-officer?promotion=164879-arbetsformedlingen,24123323
http://www.goteborgstekniskacollege.se/om-oss/lediga-tjanster/?rmpage=job&rmjob=75,24122018
https://careers.egra.com/jobs/917223-senior-net-utvecklare?promotion=172055-arbetsformedlingen,24198918
https://xbus.teamtailor.com/jobs/890909-sprinta-soker-fler-systemutvecklare-till-jambiz-development-center-i-goteborg?promotion=161557-arbetsformedlingen,24136494
https://www.soprasteria.se/lediga-tjanster/?jobid=106463&ref=platsbanken,24133371
https://pspartner.se/lediga-tjanster/?jobid=102256&ref=platsbanken,24133265
https://karriar.bonsai.se/jobs/903629-back-end-utvecklare-till-rapid-images?promotion=165511-arbetsformedlingen,24130584
https://www.technogarden.se/jobs/901756-en-manniska-av-kott-och-blod-med-intresse-for-programmering?promotion=165029-arbetsformedlingen,24125076
https://explipro.varbi.com/what:job/jobID:348877/type:job/where:1/apply:1,24206409
https://oddwork.teamtailor.com/jobs/926628-ios-developer-to-mullvad-vpn-gothenburg?promotion=172033-arbetsformedlingen,24198747
https://karriar.bonsai.se/jobs/906036-android-utvecklare-till-goteborgsbaserat-bolag?promotion=166264-arbetsformedlingen,24139305
https://etraveligroup.teamtailor.com/jobs/897137-mobile-application-developers?promotion=164405-arbetsformedlingen,24118787
https://assign.teamtailor.com/jobs/141991-senior-android-app-developer?promotion=158544-arbetsformedlingen,24048894
https://careers.egra.com/jobs/929713-integrationsutvecklare?promotion=172786-arbetsformedlingen,24204343
https://www.sigmarecruit.se/apply-page?rmpage=job&rmjob=340&utm_source=adway&utm_medium=ams&utm_term=Data%2FIT&utm_content=341,24195771
https://careers.annotell.com/jobs/924493-infrastructure-engineer-engineering-enablement?promotion=171499-arbetsformedlingen,24192861
http://spotify.com/jobs,24190820
https://www.sigmarecruit.se/apply-page?rmpage=job&rmjob=340,24190248
https://i3tex.teamtailor.com/jobs/863940-erfaren-net-utvecklare-i3tex-goteborg?promotion=154435-arbetsformedlingen,24189695
https://vab.easycruit.com/vacancy/application/2534583/41031?channel=amv&iso=gb,24135314
https://careers.econnectivity.se/jobs/842521-experienced-software-developer-mobile-solutions?promotion=159755-arbetsformedlingen,24071129
https://boards.greenhouse.io/netent/jobs/2297314,24199908
https://karriar.decerno.se/jobs/117079-senior-fullstack-utvecklare?ref=platsbanken,24197388
https://www.aplitrak.com/?adid=bGFzZ2FyLjE0NTkwLjMxMDFAbWFucG93ZXJncm91cG5vcmRpY3MuYXBsaXRyYWsuY29t,24197361
https://career.nordicretailgroup.com/jobs/923974-frontend-utvecklare-till-digital-people?promotion=171299-arbetsformedlingen,24191294
https://www.aplitrak.com/?adid=dHNjaHVsLjM5MzI4LjMxMDFAbWFucG93ZXJncm91cG5vcmRpY3MuYXBsaXRyYWsuY29t,24145074
https://youcru.it/fzBtTd,24139076
https://jobs.hiberworld.com/jobs/896382-game-engine-multiplayer-engineer?promotion=164876-arbetsformedlingen,24123318
https://jobs.hiberworld.com/jobs/896432-game-engine-animations-engineer?promotion=164875-arbetsformedlingen,24123317
https://www.northab.com/jobs/923467-senior-devops-engineer-sys-admin?promotion=171154-arbetsformedlingen,24189926
https://career5.successfactors.eu/sfcareer/jobreqcareer?jobId=53403&company=Hornbach,24187023
https://vgregion.varbi.com/what:job/jobID:323735/type:job/where:1/apply:1,24202395
https://jobs.systra.com/job/G%C3%B6teborg-Senior-informations-&-datasamordnare-till-G%C3%B6teborg/608764801/,24151662
https://recruit.visma.com/Public/Apply.aspx?guidAssignment=fca78d04-27a2-4e72-9e73-f145b9441692&publishCode=AMS&TK=df5479ba-0f1f-4ae7-b631-def79ee8f869,24179396
https://i3tex.teamtailor.com/jobs/862548-elektronik-och-mjukvaruutvecklare-medtech?promotion=154054-arbetsformedlingen,24203048
https://www.framtiden.com/tjanster/?jobid=21942,24198802
https://bahusia.se/lediga-jobb/?mtrpage=assignment&mtrt=ams&mtrid=263,24197276
https://nordasearch.se/lediga-tjanster/?aguid=E3834D4933AF45C3A48710638ECB20AB&ref=arbetsformedlingen,24193337
https://www.lernia.se/?jobid=116442&ref=platsbanken,24188751
https://www.ikett.com/lediga-jobb?jaid=10515,24183522
https://elektroautomatik.se/karriar/,24181927
https://goteborge.easycruit.com/vacancy/application/2514079/39350?channel=amv&iso=se,24163012
https://primarekrytering.varbi.com/what:job/jobID:280051/type:job/where:1/apply:1,24170690
https://web103.reachmee.com/ext/I005/1035/main?site=6&validator=3038fcf1516ea1184a6da70a891f87da&lang=SE&rmpage=job&rmjob=16537,24144665
https://www.spotifyjobs.com/,23979956
https://web103.reachmee.com/ext/I005/1035/main?site=6&validator=3038fcf1516ea1184a6da70a891f87da&lang=SE&rmpage=job&rmjob=16776,24204875
https://career.vectorsweden.com/jobs/127234-experienced-c-software-developer?promotion=55050-arbetsformedlingen,24188203
https://career.irisity.com/jobs/930407-senior-cloud-back-end-developer?promotion=173032-arbetsformedlingen,24206623
https://volvo-car-corporation.contactrh.com/jobs/9669/33606183,24206161
https://career.irisity.com/jobs/909020-computer-vision-specialist?promotion=167217-arbetsformedlingen,24149350
https://jerrie.se/lediga-jobb/?jobid=116157&ref=platsbanken,24170635
https://infocare.workbuster.com/jobs/115780-we-are-now-looking-for-a-mac-support-technician?ref=platsbanken,24192124
https://mpyascitech.com/jobba-hos-oss?jobid=115833&ref=platsbanken,24142049
https://www.chalmers.se/sv/om-chalmers/Arbeta-pa-Chalmers/lediga-tjanster/Sidor/default.aspx?rmpage=job&rmjob=8442,24127864
https://youcru.it/G00YvZ,24115002
https://volvo-car-corporation.contactrh.com/jobs/9669/33595035,24201787
https://career.winningtemp.se/jobs/917321-design-manager,24173390
https://career.adway.ai/jobs/908293-head-of-digital-marketing?promotion=166991-arbetsformedlingen,24147255
https://jobs.brassring.com/1033/ASP/TG/cim_jobdetail.asp?partnerid=25079&siteid=5171&Areq=104956BR,24131221
https://www.aplitrak.com/?adid=a3Jvbm5iYWNrLjgwNzAyLjMxMDFAc2FhYi5hcGxpdHJhay5jb20,24147091
https://www.chalmers.se/sv/om-chalmers/Arbeta-pa-Chalmers/lediga-tjanster/Sidor/default.aspx?rmpage=job&rmjob=8675,24099992
https://www.chalmers.se/sv/om-chalmers/Arbeta-pa-Chalmers/lediga-tjanster/Sidor/default.aspx?rmpage=job&rmjob=8736,24148228
https://www.chalmers.se/sv/om-chalmers/Arbeta-pa-Chalmers/lediga-tjanster/Sidor/default.aspx?rmpage=job&rmjob=8740,24154688
https://cpacsystems.varbi.com/what:job/jobID:347082/type:job/where:1/apply:1,24184962
https://cpacsystems.varbi.com/what:job/jobID:347081/type:job/where:1/apply:1,24184959
https://banners.knollenstein.com/adnetwork/servlet/advertBeans.TrackingServlet?seid=60354709&t=101&cid=CNTRC&vid=1597739046117,24198377
https://jobs.emea.sykes.com/VacancyInformation.aspx?VId=69525,24196803
https://apply.recman.no/job_post.php?id=161219&path=ams,24189390
https://vi.xenit.se/jobs/824193-tekniker-med-specialisering-inom-citrix?promotion=166400-arbetsformedlingen,24140784
https://careers.egra.com/jobs/929716-frontendutvecklare?promotion=172789-arbetsformedlingen,24204354
https://volvo-car-corporation.contactrh.com/jobs/9669/33603477,24204366
https://web106.reachmee.com/ext/I008/1568/main?site=9&validator=0c70c7481daa738dfebfeae347c5270b&lang=SE&rmpage=job&rmjob=658,24199649
https://jobs.hiberworld.com/jobs/885981-lead-frontend-developer?promotion=164878-arbetsformedlingen,24198331
https://recruit.visma.com/Public/Apply.aspx?guidAssignment=45efa4a6-0413-4ca5-8dc9-70a3e219e15a&publishCode=AMS&TK=8b1ff038-d966-4cd7-8319-1894e9a7aecb,24148166
https://www.aplitrak.com/?adid=dnZlcnNoLjk5OTQxLjMxMDFAbWFucG93ZXJncm91cG5vcmRpY3MuYXBsaXRyYWsuY29t,24202627
https://vi.xenit.se/jobs/924167-senior-devops-engineer?promotion=172214-arbetsformedlingen,24200323
https://careers.annotell.com/jobs/900666-team-lead-frontend?promotion=165417-arbetsformedlingen,24129332
https://careers.annotell.com/jobs/895626-experienced-frontend-engineer?promotion=163317-arbetsformedlingen,24107237
https://apply.recman.no/job_post.php?id=161479&path=ams,24194764
https://jobb.tandfakta.se/jobs/917627-tandhygienist-sokes-till-elvanstandlakare-i-goteborg?promotion=169734-arbetsformedlingen,24175472
https://perido.se/job/tysktalande-supporttekniker-till-goteborg/,24202155
https://skatteverket.varbi.com/what:job/jobID:347202/type:job/where:1/apply:1,24213403
https://join.smartify.se/jobs/924295-servicetekniker-goteborg?promotion=173787-arbetsformedlingen,24213208
https://recruit.visma.com/Public/Apply.aspx?guidAssignment=ffc69db6-1c30-4b5e-8fce-1bead16fe5a0&publishCode=AMS&TK=3a4445c5-6bc9-4e45-bda5-ebd31073be76,24213131
https://altran.contactrh.com/jobs/9669/33627815,24212798
https://www.modis.com/sv-se/career-services/job/ZL_MODIS_001281,24212741
https://web103.reachmee.com/ext/I005/1035/main?site=6&validator=3038fcf1516ea1184a6da70a891f87da&lang=SE&rmpage=job&rmjob=16815,24212562
https://www.aplitrak.com/?adid=bWlrYWVsYS5qYWhyZXNrb2cuODQ4MzcuMzEwMUBhc3RyYXplbmVjYS5hcGxpdHJhay5jb20,24212238
https://www.aplitrak.com/?adid=aGFubmEuc3RyYW5kYmVyZy4zNTAxNi4zMTAxQGFzdHJhemVuZWNhLmFwbGl0cmFrLmNvbQ,24211987
https://emp.jobylon.com/jobs/63376-greenbyte-software-engineer/?utm_source=ams&utm_medium=promotionserializer,24211976
https://apply.recman.no/job_post.php?id=162265&path=ams,24211939
https://karriar.castra.se/jobs/931994-systemutvecklare-till-castra-vast?promotion=173493-arbetsformedlingen,24210983
https://web103.reachmee.com/ext/I005/1035/main?site=6&validator=3038fcf1516ea1184a6da70a891f87da&lang=SE&rmpage=job&rmjob=16696,24210942
https://web103.reachmee.com/ext/I003/471/main?site=2&validator=cfb1198ec6d1d26052b7db3c446b6bf3&lang=SE&rmpage=job&rmjob=4086,24210753
http://www.lnpersonal.se/jobannons/?jaid=1443&apply=true,24210139
https://www.quest.se/lediga-jobb?mtrpage=assignment&mtrt=ams&mtrid=2696,24209604
http://www.uniflex.se/jobbannons?jaid=52513,24205863
https://emea3.recruitmentplatform.com/apply-app/pages/application-form?jobId=Q6MFK026203F3VBQB7VV4F6KH-5115,24208724
https://emea3.recruitmentplatform.com/apply-app/pages/application-form?jobId=Q6MFK026203F3VBQB7VV4F6KH-5112,24208689
https://vgregion.varbi.com/what:job/jobID:343077/type:job/where:1/apply:1,24207836
https://www.aplitrak.com/?adid=YW50b25pYS5yZWltZXJzLjA3MzE4LjMxMDFAYXN0cmF6ZW5lY2EuYXBsaXRyYWsuY29t,24207807
https://web106.reachmee.com/ext/I008/1568/main?site=9&validator=0c70c7481daa738dfebfeae347c5270b&lang=SE&rmpage=job&rmjob=100,24211972
http://[KUND-HOST].se.app.intelliplan.eu/JobAd/Show?jaid=4332,24212101
https://trv.heroma.se/prod/TRVpp01/ExternWebbV2/LedigaJobb/EW2PageAnnons.aspx?arenderef=6516506415930936800&benamning=Systemtekniker+it,24210867
https://www.aplitrak.com/?adid=bGFzZ2FyLjA4NTg2LjMxMDFAbWFucG93ZXJncm91cG5vcmRpY3MuYXBsaXRyYWsuY29t,24209511
http://www.skill.se/ga-till-jobb/?jaid=5213,24208403
http://[KUND-HOST].se.app.intelliplan.eu/JobAd/Show?jaid=4333,24213291
https://web103.reachmee.com/ext/I005/1035/main?site=6&validator=3038fcf1516ea1184a6da70a891f87da&lang=SE&rmpage=job&rmjob=16802,24212017
https://www.framtiden.com/tjanster/?jobid=21966,24213354
https://jobb.mildmedia.se/jobs/303715-php-utvecklare,24212706
https://www.alten.se/career/9206-SENIOR-FRONT-END-UTVECKLARE,24212514
https://www.alten.se/career/9205-DEVOPS-CLOUD-ENGINEER,24212515
https://www.alten.se/career/9207-INTEGRATIONSUTVECKLARE-MED-DRIV,24212513
https://apply.workable.com/e-travel-sa-1/j/AB5B303B31/apply/,24211650
https://karriar.castra.se/jobs/932079-javautvecklare?promotion=173509-arbetsformedlingen,24211149
https://www.etraveligroup.com/jobs/java-developer-with-passion-for-automation/,24211027
https://www.findmyskills.com/BLI%20EN%20AV%20OSS%20/index.html,24208973
https://www.framtiden.com/tjanster/?jobid=21956,24208405
https://conmore.se/karriar/?jobid=118049&ref=platsbanken,24208666
https://explipro.varbi.com/what:job/jobID:349537/type:job/where:1/apply:1,24212796
https://karriar.castra.se/jobs/932033-c-net-utvecklare?promotion=173504-arbetsformedlingen,24211119
https://career5.successfactors.eu/sfcareer/jobreqcareer?jobId=54681&company=Hornbach,24208991
https://altran.contactrh.com/jobs/9669/33627883,24213025
https://www.alten.se/career/9204-TIME-FOR-A-CAREER-STEP-LEAD-ENGINEER-WITHIN-LIFE-SCIENCE,24212160
https://web103.reachmee.com/ext/I005/1035/main?site=6&validator=3038fcf1516ea1184a6da70a891f87da&lang=SE&rmpage=job&rmjob=16809,24212140
https://volvo-car-corporation.contactrh.com/jobs/9669/33621984,24210300
https://primarekrytering.varbi.com/what:job/jobID:280051/type:job/where:1/apply:1,24208190
https://apply.recman.no/job_post.php?id=162024&path=ams,24207527
https://www.northab.com/jobs/932202-cloud-devops-and-infrastructure-engineer?promotion=173554-arbetsformedlingen,24211358
https://careers.cerner.com/job/64563BR,24208923
https://careers.cerner.com/job/66009BR,24208972
https://careers.cerner.com/job/66008BR,24208948
https://www.quest.se/lediga-jobb?mtrpage=assignment&mtrt=ams&mtrid=2701,24212561
https://www.quest.se/lediga-jobb?mtrpage=assignment&mtrt=ams&mtrid=2697,24209645
https://www.work-shop.com/open-positions-1?rmpage=job&rmjob=485,24212360
https://apply.recman.no/job_post.php?id=162409&path=ams,24215199
https://karriar.newsec.com/jobs/931501-kontrakts-och-intaktsekonom-till-newsec-i-goteborg?promotion=173970-arbetsformedlingen,24214967
https://oddwork.teamtailor.com/jobs/926521-android-developer-to-mullvad-vpn-gothenburg?promotion=172027-arbetsformedlingen,24214810
https://oddwork.teamtailor.com/jobs/926628-ios-developer-to-mullvad-vpn-gothenburg?promotion=172033-arbetsformedlingen,24214804
http://endian.se,24214747
https://recruit.visma.com/Public/Apply.aspx?guidAssignment=1b258b68-9db5-4ee4-b593-c1aa8b396d92&publishCode=AMS&TK=4dcc3834-dd36-4fdc-a318-13fa2808719a,24214354
https://jobs.brassring.com/1033/ASP/TG/cim_jobdetail.asp?partnerid=25079&siteid=5171&Areq=105783BR,24215066
https://web103.reachmee.com/ext/I005/1035/main?site=6&validator=3038fcf1516ea1184a6da70a891f87da&lang=SE&rmpage=job&rmjob=16844,24216811
https://www.aplitrak.com/?adid=aGFubmEuc3RyYW5kYmVyZy44NzA1MC4zMTAxQGFzdHJhemVuZWNhLmFwbGl0cmFrLmNvbQ,24216220
https://altran.contactrh.com/jobs/9669/33638496,24216174
https://altran.contactrh.com/jobs/9669/33638427,24216172
https://newminds.nu/job/211-erfaren-utvecklare-till-innovationscenter-sokes?pnty_src=arbetsformedlingen,24215604
https://www.aplitrak.com/?adid=YWRncnVuLjE2MDgxLjMxMDFAbWFucG93ZXJncm91cG5vcmRpY3MuYXBsaXRyYWsuY29t,24216734
https://recruit.visma.com/Public/Apply.aspx?guidAssignment=dc069a00-cf1b-47ff-adf8-3953713f63a0&publishCode=AMS&TK=a9a91ff8-803e-4732-93b4-110f0b093ab1,24216830
https://axelarigato.com/us/careers?jobid=112661&ref=platsbanken,24216116
https://careers.egra.com/jobs/934871-utvecklare-vhdl-eller-c-c?promotion=174129-arbetsformedlingen,24216782
https://www.sigmarecruit.se/apply-page?rmpage=job&rmjob=359&utm_source=adway&utm_medium=ams&utm_term=Data%2FIT&utm_content=360,24217646
https://explipro.varbi.com/what:job/jobID:349999/type:job/where:1/apply:1,24217155
https://www.eqonomy.se/lediga-jobb/19493-systemekonom-hypergene/?pnty_src=arbetsformedlingen,24216014
http://www.studentconsulting.com/sv/jobs/goteborg/industrial-engineer-sokes-till-plastal/54600/?utm_source=af&utm_medium=sharedjob&utm_content=job54600,24216512
https://explipro.varbi.com/what:job/jobID:357578/type:job/where:1/apply:1,24295133
https://oddwork.teamtailor.com/jobs/957358-technical-support-to-mullvad-vpn-gothenburg?promotion=179728-arbetsformedlingen,24294595
https://oddwork.teamtailor.com/jobs/926628-ios-developer-to-mullvad-vpn-gothenburg?promotion=172033-arbetsformedlingen,24294572
https://oddwork.teamtailor.com/jobs/926521-android-developer-to-mullvad-vpn-gothenburg?promotion=172027-arbetsformedlingen,24294555
https://oddwork.teamtailor.com/jobs/942932-infrastructure-engineer-to-mullvad-vpn-gothenburg?promotion=176416-arbetsformedlingen,24294517
https://www.aplitrak.com/?adid=YW1hcnRlbnNzb24uNjYwNzYuMzEwMUBzYWFiLmFwbGl0cmFrLmNvbQ,24294043
https://conmore.se/karriar/?jobid=88116&ref=platsbanken,24293117
https://web103.reachmee.com/ext/I005/1035/main?site=6&validator=3038fcf1516ea1184a6da70a891f87da&lang=SE&rmpage=job&rmjob=17284,24292173
https://www.adecco.se/ansok?zlid=E67995E6-BC9B-467B-931D-322DDBDB9173&src=AMS,24291626
https://web103.reachmee.com/ext/I005/1035/main?site=6&validator=3038fcf1516ea1184a6da70a891f87da&lang=SE&rmpage=job&rmjob=17295,24291484
https://career.na-kd.com/jobs/964195-senior-manager-display-paid-social-marketing?promotion=181364-arbetsformedlingen,24291288
https://www.chalmers.se/sv/om-chalmers/Arbeta-pa-Chalmers/lediga-tjanster/Sidor/default.aspx?rmpage=job&rmjob=8889,24291228
https://novare.se/search-selection/jobb/61495-supply-chain-development-leader/?pnty_src=arbetsformedlingen,24289902
https://www.aplitrak.com/?adid=YXNhLmxvdGhpZ2l1cy4xOTU2MS4zMTAxQGFzdHJhemVuZWNhLmFwbGl0cmFrLmNvbQ,24289730
https://www.adecco.se/ansok?zlid=E434998C-DDE7-4BB6-8E96-3BA701404B66&src=AMS,24288286
https://elinked.se/jobs/projektledare-till-ledande-bolag-inom-hallbarhet-i-goteborg/,24286687
https://www.sigmarecruit.se/apply-page?rmpage=job&rmjob=377&utm_source=adway&utm_medium=ams&utm_term=Administration-ekonomi%2C+juridik&utm_content=378,24286655
https://www.sigmarecruit.se/apply-page?rmpage=job&rmjob=377,24286472
https://www.technogarden.se/jobs/962882-it-ansvarig?promotion=180863-arbetsformedlingen,24286437
https://havochvatten.varbi.com/what:job/jobID:353069/type:job/where:1/apply:1,24286343
https://jobb.bravura.se/lediga-jobb/senior-utvecklare-backend-programmering-c-2861701/,24285582
https://jobb.bravura.se/lediga-jobb/utvecklare-backend-programmering-c-2861601/,24285537
https://www.aplitrak.com/?adid=bGFzZ2FyLjk0MTg5LjMxMDFAbWFucG93ZXJncm91cG5vcmRpY3MuYXBsaXRyYWsuY29t,24285064
https://www.aplitrak.com/?adid=bGFzZ2FyLjg1NDI0LjMxMDFAbWFucG93ZXJncm91cG5vcmRpY3MuYXBsaXRyYWsuY29t,24285063
https://ledigajobb.se/jobb/84487d/content-writer-till-digitalbyr%C3%A5?utm_source=arbetsformedlingense&utm_medium=cpc&utm_campaign=arbetsformedlingense,24284466
https://jobb.sjr.se/jobs/961810-databasadministrator?promotion=180676-arbetsformedlingen,24283987
https://app.jobmatchprofile.com/tu3w4g,24282932
https://vgregion.varbi.com/what:job/jobID:356200/type:job/where:1/apply:1,24282413
https://www.aplitrak.com/?adid=bWFyaWEuZWxtYmVyZy4xMjIzNy4zMTAxQGFzdHJhemVuZWNhLmFwbGl0cmFrLmNvbQ,24281866
http://www.cellink.com,24281344
https://emp.jobylon.com/jobs/66081-greenbyte-devops-engineer/?utm_source=ams&utm_medium=promotionserializer,24281236
https://volvo-car-corporation.contactrh.com/jobs/9669/33826695,24280981
https://web103.reachmee.com/ext/I005/1035/main?site=6&validator=3038fcf1516ea1184a6da70a891f87da&lang=SE&rmpage=job&rmjob=17239,24280392
https://career2.successfactors.eu/sfcareer/jobreqcareer?jobId=1895&company=mlnlyckehe,24280215
https://www.chalmers.se/sv/om-chalmers/Arbeta-pa-Chalmers/lediga-tjanster/Sidor/default.aspx?rmpage=job&rmjob=8882,24279761
https://openings.incluso.se/jobs/959916-automotive-camera-system-engineer-senior-and-expert-levels,24279682
http://www.jappa.jobs,24279648
http://www.lnpersonal.se/jobannons/?jaid=1485&apply=true,24278854
https://jobb.a-hub.se/jobs/957454-customer-experience-manager-to-avinode-group?promotion=180191-arbetsformedlingen,24278835
https://vgregion.varbi.com/what:job/jobID:355758/type:job/where:1/apply:1,24278324
https://www.jurek.se/apply/3726B4DB-64C1-44FF-AF69-E2A8D58740F1?src=AMS,24277135
https://candidate.hr-manager.net/ApplicationInit.aspx?cid=1795&ProjectId=143750&DepartmentId=18959&MediaId=4619&SkipAdvertisement=true,24276974
https://jobs.brassring.com/1033/ASP/TG/cim_jobdetail.asp?partnerid=25079&siteid=5171&Areq=106584BR,24276813
https://www.sigmarecruit.se/apply-page?rmpage=job&rmjob=372&utm_source=adway&utm_medium=ams&utm_term=Data%2FIT&utm_content=373,24276031
https://recruit.visma.com/Public/Apply.aspx?guidAssignment=9113f1c4-8b81-4e55-91bc-d6392bcf6877&publishCode=AMS&TK=ae808123-95af-4fc9-b02b-9b55072f8153,24275415
https://vgregion.varbi.com/what:job/jobID:355374/type:job/where:1/apply:1,24275376
https://performancemanager12.successfactors.eu/sfcareer/jobreqcareerpvt?jobId=406503&company=Ericsson&st=ADA1F8E7B714FB0A2337ADEA95CED17AC6AB8F59,24275140
https://www.sigmarecruit.se/apply-page?rmpage=job&rmjob=372,24274661
https://www.alten.se/career/9280-LEAD-ENGINEER-WITHIN-LIFE-SCIENCE,24273658
https://jobs.brassring.com/1033/ASP/TG/cim_jobdetail.asp?partnerid=25079&siteid=5171&Areq=106066BR,24273382
https://dinbil.easycruit.com/vacancy/2575663/163479?iso=se,24273099
https://oddwork.teamtailor.com/jobs/945510-full-stack-developer-to-mullvad-vpn-gothenburg?promotion=177155-arbetsformedlingen,24272826
https://infranord.easycruit.com/vacancy/application/2558795/59504?channel=amv&iso=se,24272807
https://yourtalent.se/jobs/?jobid=119999&ref=platsbanken,24270286
https://www.aplitrak.com/?adid=bmJlcmdtYW4uMzgxNzAuMzEwMUBhc3RyYXplbmVjYS5hcGxpdHJhay5jb20,24270023
https://career.na-kd.com/jobs/842543-dwh-bi-development-engineer?promotion=148718-arbetsformedlingen,24269853
https://web103.reachmee.com/ext/I005/1035/main?site=6&validator=3038fcf1516ea1184a6da70a891f87da&lang=SE&rmpage=job&rmjob=17177,24269820
https://recruit.visma.com/Public/Apply.aspx?guidAssignment=72c082ab-ae1f-4426-bebd-d7b208a6ff2e&publishCode=AMS&TK=b1e566f1-c65d-4cf8-8f70-aca2027612d9,24269345
https://www.chalmers.se/sv/om-chalmers/Arbeta-pa-Chalmers/lediga-tjanster/Sidor/default.aspx?rmpage=job&rmjob=8730,24269294
https://jobs.brassring.com/1033/ASP/TG/cim_jobdetail.asp?partnerid=25079&siteid=5171&Areq=106466BR,24268814
https://oddwork.teamtailor.com/jobs/954568-lead-ux-designer-at-avinode-group-gothenburg?promotion=179107-arbetsformedlingen,24267907
https://www.chalmers.se/sv/om-chalmers/Arbeta-pa-Chalmers/lediga-tjanster/Sidor/default.aspx?rmpage=job&rmjob=8870,24266182
https://www.adecco.se/ansok?zlid=035AA5A0-774A-449F-8888-D626BE2423B7&src=AMS,24266014
https://mpyafinance.se/lediga-ekonomijobb/?jobid=119184&ref=platsbanken,24265429
http://cv-autorekrytering-se.app.intelliplan.eu/JobAd/Show?jaid=5069,24263559
https://explipro.varbi.com/what:job/jobID:354222/type:job/where:1/apply:1,24262405
https://i3tex.teamtailor.com/jobs/862546-data-scientist-with-interest-in-machine-learning?promotion=154055-arbetsformedlingen,24261109
https://i3tex.teamtailor.com/jobs/950762-frontendutvecklare-react-goteborg?promotion=178450-arbetsformedlingen,24261069
https://web103.reachmee.com/ext/I005/1035/main?site=6&validator=3038fcf1516ea1184a6da70a891f87da&lang=SE&rmpage=job&rmjob=17118,24260245
https://web103.reachmee.com/ext/I005/1035/main?site=6&validator=3038fcf1516ea1184a6da70a891f87da&lang=SE&rmpage=job&rmjob=17095,24260008
https://vgregion.varbi.com/what:job/jobID:353283/type:job/where:1/apply:1,24258803
https://careers.annotell.com/jobs/949915-are-you-a-frontend-curious-backend-developer-or-maybe-vice-versa-join-the-backend-team?promotion=178029-arbetsformedlingen,24256551
https://careers.annotell.com/jobs/949871-software-developer-backend?promotion=178027-arbetsformedlingen,24256540
https://jerrie.se/lediga-jobb/?jobid=119510&ref=platsbanken,24255176
https://web103.reachmee.com/ext/I005/1035/main?site=6&validator=3038fcf1516ea1184a6da70a891f87da&lang=SE&rmpage=job&rmjob=16893,24252531
https://www.systemair.com/se/om-oss/lediga-tjaenster/?rmpage=job&rmjob=267,24251781
http://www.afconsult.com/jobs/sv/14028/C32BE007-E61F-4F63-B7DF-AA9F57290CAA,24251265
http://www.afconsult.com/jobs/sv/14017/C32BE007-E61F-4F63-B7DF-AA9F57290CAA,24250477
https://www.maquire.se/lediga-jobb?jobid=120181&ref=platsbanken,24274019
https://web106.reachmee.com/ext/I008/1568/main?site=9&validator=0c70c7481daa738dfebfeae347c5270b&lang=SE&rmpage=job&rmjob=127,24269144
https://web106.reachmee.com/ext/I008/1568/main?site=9&validator=0c70c7481daa738dfebfeae347c5270b&lang=SE&rmpage=job&rmjob=52,24240244
https://www.technogarden.se/jobs/962178-java-och-androidutvecklare-till-technogarden-it-goteborg?promotion=180688-arbetsformedlingen,24284045
https://www.technogarden.se/jobs/962216-technogarden-it-soker-senior-net-utvecklare-till-goteborg?promotion=180704-arbetsformedlingen,24284227
https://recruit.visma.com/Public/Apply.aspx?guidAssignment=0ab4730d-fc9d-443b-bc4f-7a2fe8272945&publishCode=AMS&TK=2c132427-d221-4b65-815b-b3dc8f0416f8,24290067
https://www.didup.com/jobs,24277843
https://trv.heroma.se/prod/TRVpp01/ExternWebbV2/LedigaJobb/EW2PageAnnons.aspx?arenderef=6527738285929217895&benamning=Tekniker+IT,24254417
https://careers.egra.com/jobs/941298-it-tekniker?promotion=175945-arbetsformedlingen,24235421
https://www.capgemini.com/se-en/jobs/it-konsult-till-capgemini/,24293560
https://career5.successfactors.eu/sfcareer/jobreqcareerpvt?jobId=10226&company=SKF&st=34E67C2C94792C55CF925C63178160D73D822251,24269464
https://jobs.brassring.com/1033/ASP/TG/cim_jobdetail.asp?partnerid=25079&siteid=5171&Areq=106195BR,24242408
https://recruit.visma.com/Public/Apply.aspx?guidAssignment=57159912-8ae4-4d42-b8e8-fb54fa421e2a&publishCode=AMS&TK=61837eb7-738d-4b9e-8976-6c01cf5c0128,24286383
https://www.soprasteria.se/lediga-tjanster/?jobid=78876&ref=platsbanken,24242700
https://jobs.brassring.com/1033/ASP/TG/cim_jobdetail.asp?partnerid=25079&siteid=5171&Areq=106745BR,24291616
https://www.poolia.se/lediga-jobb/?jobadid=57482,24285228
https://recruit.visma.com/Public/Apply.aspx?guidAssignment=3b2f5a88-d2df-4698-abb7-9f0dffd67387&publishCode=AMS&TK=61934168-e97b-421a-85d2-082600abbae2,24282385
https://www.jobmetz.com/jobb/jobmetz/14368/-it-application-and-infrastructure-support/,24278712
https://www.alten.se/career/9293-CAE-IT-ENGINEER-APPLICATION-MANAGER,24277456
https://www.aplitrak.com/?adid=amVubmpvLjQ5NzYyLjMxMDFAbWFucG93ZXJncm91cG5vcmRpY3MuYXBsaXRyYWsuY29t,24276073
https://register.masterhelp.se/candidate/login/b965d361-c5a7-492d-8572-d210ccf532d7?ps=ams,24250093
https://recruit.visma.com/Public/Apply.aspx?guidAssignment=dcbc8e94-286c-4a6f-a61e-7bbfd3fa116f&publishCode=AMS&TK=ec0e0dc8-2b5e-48bd-bd20-29adbf23983b,24286502
https://web106.reachmee.com/ext/I008/1568/main?site=9&validator=0c70c7481daa738dfebfeae347c5270b&lang=SE&rmpage=job&rmjob=689,24240538
https://www.modis.com/sv-se/career-services/job/ZL_MODIS_001007,24291707
https://www.technogarden.se/jobs/964300-it-chef-till-new-wave-group-sokes?promotion=181136-arbetsformedlingen,24288770
https://jerrie.se/lediga-jobb/?jobid=120078&ref=platsbanken,24279548
https://www.technogarden.se/jobs/943517-it-konsulter-sokes-erbjuds-delagande-och-delaktighet?promotion=176628-arbetsformedlingen,24241207
https://web106.reachmee.com/ext/I008/1568/main?site=9&validator=0c70c7481daa738dfebfeae347c5270b&lang=SE&rmpage=job&rmjob=532,24255699
https://web106.reachmee.com/ext/I008/1568/main?site=9&validator=0c70c7481daa738dfebfeae347c5270b&lang=SE&rmpage=job&rmjob=740,24292435
https://web106.reachmee.com/ext/I008/1568/main?site=9&validator=0c70c7481daa738dfebfeae347c5270b&lang=SE&rmpage=job&rmjob=680,24287884
https://web106.reachmee.com/ext/I008/1568/main?site=9&validator=0c70c7481daa738dfebfeae347c5270b&lang=SE&rmpage=job&rmjob=568,24284932
https://web106.reachmee.com/ext/I008/1568/main?site=9&validator=0c70c7481daa738dfebfeae347c5270b&lang=SE&rmpage=job&rmjob=730,24283210
https://web106.reachmee.com/ext/I008/1568/main?site=9&validator=0c70c7481daa738dfebfeae347c5270b&lang=SE&rmpage=job&rmjob=724,24281599
https://web106.reachmee.com/ext/I008/1568/main?site=9&validator=0c70c7481daa738dfebfeae347c5270b&lang=SE&rmpage=job&rmjob=188,24278546
https://web106.reachmee.com/ext/I008/1568/main?site=9&validator=0c70c7481daa738dfebfeae347c5270b&lang=SE&rmpage=job&rmjob=631,24263626
https://web106.reachmee.com/ext/I008/1568/main?site=9&validator=0c70c7481daa738dfebfeae347c5270b&lang=SE&rmpage=job&rmjob=533,24259549
https://web106.reachmee.com/ext/I008/1568/main?site=9&validator=0c70c7481daa738dfebfeae347c5270b&lang=SE&rmpage=job&rmjob=703,24253839
https://web106.reachmee.com/ext/I008/1568/main?site=9&validator=0c70c7481daa738dfebfeae347c5270b&lang=SE&rmpage=job&rmjob=70,24245775
https://web106.reachmee.com/ext/I008/1568/main?site=9&validator=0c70c7481daa738dfebfeae347c5270b&lang=SE&rmpage=job&rmjob=68,24245771
https://xamera.teamtailor.com/jobs/939456-cgit-soker-dig-med-intresse-for-it-infrastruktur-programmaring-samt-artificiell-intelligens?promotion=175458-arbetsformedlingen,24230008
https://vgregion.varbi.com/what:job/jobID:352838/type:job/where:1/apply:1,24247733
https://jobs.brassring.com/1033/ASP/TG/cim_jobdetail.asp?partnerid=25079&siteid=5171&Areq=106461BR,24274395
https://jobs.brassring.com/1033/ASP/TG/cim_jobdetail.asp?partnerid=25079&siteid=5171&Areq=106656BR,24291689
https://jobs.brassring.com/1033/ASP/TG/cim_jobdetail.asp?partnerid=25079&siteid=5171&Areq=106718BR,24288009
https://jobs.brassring.com/1033/ASP/TG/cim_jobdetail.asp?partnerid=25079&siteid=5171&Areq=106746BR,24291600
https://jobs.brassring.com/1033/ASP/TG/cim_jobdetail.asp?partnerid=25079&siteid=5171&Areq=106463BR,24268449
https://performancemanager12.successfactors.eu/sfcareer/jobreqcareerpvt?jobId=440442&company=Ericsson&st=8294259B1898078B0D50D19DB21B3E26388FB09A,24275872
https://jobs.brassring.com/1033/ASP/TG/cim_jobdetail.asp?partnerid=25079&siteid=5171&Areq=106462BR,24268467
https://www.northab.com/jobs/958401-application-security-specialist?promotion=180079-arbetsformedlingen,24277608
https://apply.recman.no/job_post.php?id=163252&path=ams,24233717
https://jobs.brassring.com/1033/ASP/TG/cim_jobdetail.asp?partnerid=25079&siteid=5171&Areq=106197BR,24242421
https://career.na-kd.com/jobs/934852-finance-manager?promotion=181803-arbetsformedlingen,24295112
https://www.alten.se/career/9254-Software-developer-or-test-engineer-within-MedTech,24253344
https://jobb.justarrived.se/jc?ccid=151&fufp=true&sid=1,24288096
https://volvo-car-corporation.contactrh.com/jobs/9669/33833235,24283939
https://volvo-car-corporation.contactrh.com/jobs/9669/33843475,24287223
https://web103.reachmee.com/ext/I005/1035/main?site=6&validator=3038fcf1516ea1184a6da70a891f87da&lang=SE&rmpage=job&rmjob=17135,24266617
https://performancemanager12.successfactors.eu/sfcareer/jobreqcareerpvt?jobId=449060&company=Ericsson&st=6FEFA714625B3BF0A79B655C3BD20F94CD32C3AB,24280526
https://performancemanager12.successfactors.eu/sfcareer/jobreqcareerpvt?jobId=446895&company=Ericsson&st=DFA4E510B3C98A16A2112B51ECBF3A155BD23468,24279486
https://xamera.teamtailor.com/jobs/965920-utvecklare-till-snabbvaxande-digital-byra-for-webb-och-mobila-applikationer?promotion=181582-arbetsformedlingen,24293283
https://jobb.wetechtalents.se/jobs/929892-backend-utvecklare-med-fokus-pa-php-till-digitala-byran-hoy?promotion=174514-arbetsformedlingen,24221632
https://www.soprasteria.se/lediga-tjanster/?jobid=79847&ref=platsbanken,24242703
https://www.alten.se/career/9308-EMBEDDED-ANDROID-DEVELOPER,24294086
https://www.framtiden.com/tjanster/?jobid=21956,24293882
https://jobs.brassring.com/1033/ASP/TG/cim_jobdetail.asp?partnerid=25079&siteid=5171&Areq=106803BR,24293688
https://karriar.bonsai.se/jobs/962628-systemutvecklare-till-dowhile?promotion=181503-arbetsformedlingen,24292465
https://emea3.recruitmentplatform.com/apply-app/pages/application-form?jobId=Q6MFK026203F3VBQB7VV4F6KH-5150,24288234
https://jobs.brassring.com/1033/ASP/TG/cim_jobdetail.asp?partnerid=25079&siteid=5171&Areq=106664BR,24287998
https://www.alten.se/career/9304-DEVOPS-ENGINEER-WITH-CLOUD-EXPERIENCE,24287366
https://careers-sv.columbusglobal.com/jobs/939880-integrations-och-losningsarkitekt-till-columbus-goteborg?promotion=175574-arbetsformedlingen,24283055
https://www.alten.se/career/9295-FRONTEND-FULLSTACK-UTVECKLARE,24279041
https://sebratec.bamboohr.com/jobs/,24278213
https://www.etraveligroup.com/career/,24277564
https://www.northab.com/jobs/956133-senior-ios-android-developers-to-customer-in-gothenburg-multiple-positions?promotion=179460-arbetsformedlingen,24272208
https://blueeye.varbi.com/what:job/jobID:355001/type:job/where:1/apply:1,24270632
https://jobs.brassring.com/1033/ASP/TG/cim_jobdetail.asp?partnerid=25079&siteid=5171&Areq=106470BR,24268477
https://jobs.brassring.com/1033/ASP/TG/cim_jobdetail.asp?partnerid=25079&siteid=5171&Areq=106337BR,24267097
https://www.northab.com/jobs/952513-java-developer-to-a-customer-in-gothenburg?promotion=178701-arbetsformedlingen,24263543
https://openings.incluso.se/jobs/950741-android-engineer,24259787
http://www.jobshark.se/public/jobs/view/656?src=ABF,24259270
https://career.knightec.se/jobs/950568-systemutvecklare-inhouse-goteborg?promotion=178188-arbetsformedlingen,24258843
http://www.afconsult.com/jobs/sv/14021/C32BE007-E61F-4F63-B7DF-AA9F57290CAA,24256552
https://careers.egra.com/jobs/949928-erfaren-androidutvecklare?promotion=178016-arbetsformedlingen,24256381
https://jobs.brassring.com/1033/ASP/TG/cim_jobdetail.asp?partnerid=25079&siteid=5171&Areq=106339BR,24255729
https://karriar.castra.se/jobs/949292-teknisk-testare?promotion=177847-arbetsformedlingen,24254452
https://www.framtiden.com/tjanster/?jobid=22038,24250944
https://www.alten.se/career/9251-EXPERIENCED-JAVA-DEVELOPER-TO-ALTEN-GOTHENBURG,24249381
http://www.jobshark.se/public/jobs/view/701?src=ABF,24248302
http://www.hiq.se,24246956
https://xamera.teamtailor.com/jobs/944178-erfaren-devops-utvecklare-med-stort-intresse-for-teknik-i-framkant-sokes?promotion=176859-arbetsformedlingen,24243747
https://web103.reachmee.com/ext/I019/1286/main?site=6&validator=1f765af7d8d09a4b2b2438408308467b&lang=SE&rmpage=job&rmjob=62,24243170
https://career.benify.com/jobs/115976-software-developer-backend?ref=platsbanken,24242293
https://www.alten.se/career/9245-MOBILE-APP-DEVELOPERS-TO-ALTEN-GOTHENBURG,24241465
https://www.technogarden.se/jobs/943216-androidutvecklare-java-och-kotlin?promotion=176537-arbetsformedlingen,24240447
https://xamera.teamtailor.com/jobs/865023-utveckla-hogteknologisk-radarteknik-i-java-hos-var-kund?promotion=176013-arbetsformedlingen,24235808
https://jobb.wetechtalents.se/jobs/928217-c-utvecklare-till-spannande-borsnoterat-bolag-i-goteborg?promotion=174332-arbetsformedlingen,24219364
http://web103.reachmee.com/ext/I021/1825/main?site=9&validator=58c43856552cdfed5cef3309d41fd476&lang=SE&rmpage=apply&rmjob=25&ref=https%3A%2F%2Farbetsformedlingen.se%2Fplatsbanken%2F,24282043
https://www.aplitrak.com/?adid=YW1hcnRlbnNzb24uODM5MDUuMzEwMUBzYWFiLmFwbGl0cmFrLmNvbQ,24292647
https://www.aplitrak.com/?adid=YW1hcnRlbnNzb24uNjk5MjguMzEwMUBzYWFiLmFwbGl0cmFrLmNvbQ,24292644
https://www.framtiden.com/tjanster/?jobid=22118,24291860
https://perido.se/job/c-developer-to-expanding-company-in-gothenburg/,24285670
https://volvo-car-corporation.contactrh.com/jobs/9669/33833879,24284176
https://volvo-car-corporation.contactrh.com/jobs/9669/33833721,24284175
https://volvo-car-corporation.contactrh.com/jobs/9669/33833530,24284174
https://i3tex.teamtailor.com/jobs/862548-elektronikkonstruktor-med-c-c-kunskaper-medtech?promotion=154054-arbetsformedlingen,24280621
https://conmore.se/karriar/?jobid=120003&ref=platsbanken,24268059
https://www.modis.com/sv-se/career-services/job/ZL_MODIS_001299,24266824
https://openings.incluso.se/jobs/951846-automated-test-engineer,24262448
http://www.afconsult.com/jobs/en/14032/C32BE007-E61F-4F63-B7DF-AA9F57290CAA,24253597
http://www.afconsult.com/jobs/sv/14013/C32BE007-E61F-4F63-B7DF-AA9F57290CAA,24248091
https://www.northab.com/jobs/945387-senior-embedded-developer?promotion=177126-arbetsformedlingen,24247840
http://www.hiq.se,24246934
http://www.afconsult.com/jobs/en/14007/C32BE007-E61F-4F63-B7DF-AA9F57290CAA,24244910
http://www.afconsult.com/jobs/sv/14004/C32BE007-E61F-4F63-B7DF-AA9F57290CAA,24244046
http://www.afconsult.com/jobs/sv/14000/C32BE007-E61F-4F63-B7DF-AA9F57290CAA,24240739
http://www.afconsult.com/jobs/sv/13969/C32BE007-E61F-4F63-B7DF-AA9F57290CAA,24229064
https://www.sigmarecruit.se/apply-page?rmpage=job&rmjob=379&utm_source=adway&utm_medium=ams&utm_term=Data%2FIT&utm_content=380,24289694
https://www.swegon.com/sv/jobb?rmpage=job&rmjob=350,24288730
https://jobb.bravura.se/lediga-jobb/utvecklare-systemutvecklare-backend-2862301/,24286898
https://careersweden.cybercom.com/jobs/951586-cloud-developer-to-cybercom-gothenburg?promotion=178473-arbetsformedlingen,24261265
https://pspartner.se/lediga-tjanster/?jobid=102256&ref=platsbanken,24256639
https://mpyascitech.com/jobba-hos-oss?jobid=119958&ref=platsbanken,24266587
https://www.framtiden.com/tjanster/?jobid=22034,24253030
https://xamera.teamtailor.com/jobs/956674-fullstack-erlang-recycla-soker-en-ny-duktig-kollega?promotion=179590-arbetsformedlingen,24293542
http://www.dreamwork.se/jobbsokare/jobb.aspx?id=5525,24292674
https://www.framtiden.com/tjanster/?jobid=22115,24290913
https://cv-effektivbemanning-se.app.intelliplan.eu/JobAd/Show?jaid=2175,24283704
https://careers.egra.com/jobs/961767-senior-javautvecklare?promotion=180545-arbetsformedlingen,24282784
https://careers.egra.com/jobs/961758-fpga-utvecklare?promotion=180543-arbetsformedlingen,24282765
https://career.benify.com/jobs/120562-senior-software-developer?ref=platsbanken,24279928
https://www.didup.com/jobs,24277831
https://blueeye.varbi.com/what:job/jobID:354999/type:job/where:1/apply:1,24270597
https://www.framtiden.com/tjanster/?jobid=22078,24270048
http://www.afconsult.com/jobs/sv/14025/C32BE007-E61F-4F63-B7DF-AA9F57290CAA,24258717
http://www.jobshark.se/public/jobs/view/657?src=ABF,24248310
http://www.afconsult.com/jobs/sv/14010/C32BE007-E61F-4F63-B7DF-AA9F57290CAA,24246304
http://www.afconsult.com/jobs/en/14009/C32BE007-E61F-4F63-B7DF-AA9F57290CAA,24245595
https://career.benify.com/jobs/110519-software-developer-fullstack?ref=platsbanken,24242291
https://jobb.ants.se/jobs/937022-frontend-developer?promotion=176496-arbetsformedlingen,24240131
https://www.aplitrak.com/?adid=Y2htb2xsLjI2NzQzLjMxMDFAbWFucG93ZXJncm91cG5vcmRpY3MuYXBsaXRyYWsuY29t,24282217
https://www.aplitrak.com/?adid=dHNjaHVsLjk0NTk2LjMxMDFAbWFucG93ZXJncm91cG5vcmRpY3MuYXBsaXRyYWsuY29t,24292307
https://jobb.bravura.se/lediga-jobb/konstruktor-programmerare-fastighetsautomation-2864401/,24288879
https://www.modis.com/sv-se/career-services/job/ZL_MODIS_001304,24283625
https://www.soprasteria.se/lediga-tjanster/?jobid=43549&ref=platsbanken,24242697
https://career.elits.com/jobs/956354-junior-storage-engineer?promotion=181263-arbetsformedlingen,24289904
https://www.swegon.com/sv/jobb?rmpage=job&rmjob=349,24286980
https://www.swegon.com/sv/jobb?rmpage=job&rmjob=348,24286927
https://blueeye.varbi.com/what:job/jobID:356375/type:job/where:1/apply:1,24284302
https://www.aplitrak.com/?adid=amVsaWxqLjYyOTMwLjMxMDFAbWFucG93ZXJncm91cG5vcmRpY3MuYXBsaXRyYWsuY29t,24276218
https://conmore.se/karriar/?jobid=120549&ref=platsbanken,24279305
https://career.zenuity.com/,24263947
http://www.afconsult.com/jobs/en/13999/C32BE007-E61F-4F63-B7DF-AA9F57290CAA,24240712
https://careers.egra.com/jobs/941506-embedded-c-utvecklare?promotion=176030-arbetsformedlingen,24235952
https://www.chalmers.se/sv/om-chalmers/Arbeta-pa-Chalmers/lediga-tjanster/Sidor/default.aspx?rmpage=job&rmjob=8834,24235389
http://jobb.solkompaniet.se,24288715
http://[KUND-HOST].se.app.intelliplan.eu/JobAd/Show?jaid=3978,24273339
https://primarekrytering.varbi.com/what:job/jobID:280051/type:job/where:1/apply:1,24272528
https://karriar.collector.se/jobs/952991-testare?promotion=179084-arbetsformedlingen,24267619
https://norconsult.wd3.myworkdayjobs.com/Norconsult_Career_Site_Sweden/job/Gteborg/Civilingenjr-Bro_REQ-1778/apply,24264298
https://careers.egra.com/jobs/949626-testutvecklare-elektronik?promotion=177909-arbetsformedlingen,24255285
http://www.studentconsulting.com/sv/jobs/goteborg/flexibla-privatlarare-sokes-omgaende-till-superprof/54842/?utm_source=af&utm_medium=sharedjob&utm_content=job54842,24251878
https://kabi.easycruit.com/vacancy/application/2573135/57280?channel=amv&iso=se,24262808
https://ars2.equest.com/?response_id=5b7fe4ecee62d88895eecfe28ca078f7,24257132
https://career.vectorsweden.com/jobs/127234-experienced-c-software-developer?promotion=55050-arbetsformedlingen,24245553
https://volvo-car-corporation.contactrh.com/jobs/9669/33831843,24282767
http://combine.se/sv/karriar/jobb/?jobid=118488&ref=platsbanken,24221076
https://jobb.vitecsoftware.com/jobs/951504-servicekonsult-vitec-hyra,24261611
https://career.adway.ai/jobs/956151-chief-technology-officer?promotion=179765-arbetsformedlingen,24275194
https://career.adway.ai/jobs/964810-tech-lead?promotion=181528-arbetsformedlingen,24292671
https://career.irisity.com/jobs/930407-senior-cloud-back-end-developer?promotion=173032-arbetsformedlingen,24267417
https://www.chalmers.se/sv/om-chalmers/Arbeta-pa-Chalmers/lediga-tjanster/Sidor/default.aspx?rmpage=job&rmjob=8846,24246426
https://volvo-car-corporation.contactrh.com/jobs/9669/33831875,24282983
https://volvo-car-corporation.contactrh.com/jobs/9669/33831716,24282766
https://www.aplitrak.com/?adid=YW1hcnRlbnNzb24uODE5NjYuMzEwMUBzYWFiLmFwbGl0cmFrLmNvbQ,24247010
https://www.aplitrak.com/?adid=dHNjaHVsLjI1NDIyLjMxMDFAbWFucG93ZXJncm91cG5vcmRpY3MuYXBsaXRyYWsuY29t,24249411
https://www.alten.se/career/9303-C-C-Developer-to-ALTEN,24283616
https://www.alten.se/career/9247-C-C-Developer-to-ALTEN,24243301
https://career.benify.com/jobs/120136-product-owner?ref=platsbanken,24272713
https://register.masterhelp.se/candidate/login/0d040f6f-a2e6-4b3f-a62e-418e51524e23?ps=ams,24240859
https://register.masterhelp.se/candidate/login/0d040f6f-a2e6-4b3f-a62e-418e51524e23?ps=ams,24240855
https://www.chalmers.se/sv/om-chalmers/Arbeta-pa-Chalmers/lediga-tjanster/Sidor/default.aspx?rmpage=job&rmjob=8888,24288184
https://jobs.lever.co/monocl/d8cbe630-bccf-4d40-bc7d-d1931b62744d,24248379
https://www.alten.se/career/9302-CAE-VEHICLE-DYNAMICS-ENGINEER,24282923
https://www.jobmetz.com/jobb/jobmetz/14372/natverksspecialist/,24289270
https://www.northab.com/jobs/946532-application-support-gothenburg?promotion=177380-arbetsformedlingen,24250041
https://karriar.hemfrid.se/jobs/815570-stadare-till-storstadningsteamet-move-out-and-deep-house-cleaners-goteborg-gothenburg?promotion=139948-arbetsformedlingen,24246689
https://perido.se/job/tysktalande-supporttekniker-till-goteborg/,24249896
https://www.jobmetz.com/jobb/jobmetz/14371/sql-server-developer/,24286816
https://karriar.collector.se/jobs/958774-fullstackutvecklare?promotion=180470-arbetsformedlingen,24281935
https://karriar.collector.se/jobs/965027-frontendutvecklare?promotion=181510-arbetsformedlingen,24292534
https://www.chalmers.se/sv/om-chalmers/Arbeta-pa-Chalmers/lediga-tjanster/Sidor/default.aspx?rmpage=job&rmjob=8868,24262396
https://recruit.visma.com/Public/Apply.aspx?guidAssignment=abbfafac-3ae4-447a-8d4a-0beda7b6ccb3&publishCode=AMS&TK=e99b924e-6e7f-481d-8cac-766c0cb7bd92,24278538
https://web106.reachmee.com/ext/I008/1568/main?site=9&validator=0c70c7481daa738dfebfeae347c5270b&lang=SE&rmpage=job&rmjob=728,24281684
http://www.jappa.jobs,24268484
https://azelio.varbi.com/what:job/jobID:356247/type:job/where:1/apply:1,24282839
https://imbox.se/karriar/grafisk-designer/?utm_source=AMS&utm_medium=Ams_Annons&utm_campaign=GrafiskDesigner,24241267
https://candidate.hr-manager.net/ApplicationInit.aspx?cid=1011&ProjectId=67871&DepartmentId=8562&MediaId=2159&SkipAdvertisement=true,24271738
https://jobb.bravura.se/lediga-jobb/projektledare-inom-fastighetsautomation-2864201/,24288874
https://volvo-car-corporation.contactrh.com/jobs/9669/33826890,24281206
https://career.na-kd.com/jobs/957496-motion-graphics-designer?promotion=179818-arbetsformedlingen,24275574
https://cgm-success.csod.com/ux/ats/careersite/5/requisition/4836/application?c=cgm-success&jobboardid=0#1,24260181
https://jobb.bravura.se/lediga-jobb/konstruktor-programmerare-fastighetsautomation-2864401/,24288881
https://jobb.bravura.se/lediga-jobb/projektledare-inom-fastighetsautomation-2864201/,24288877
https://www.infinityhr.se/lediga-jobb-2/?jobid=119771&ref=platsbanken,24262666
https://oddwork.teamtailor.com/jobs/945627-e-commerce-manager-till-intersport-goteborg?promotion=177190-arbetsformedlingen,24248499
https://www.alten.se/career/9265-IT-Infrastructure-Technician-Specialist-till-ALTEN-Goeteborg,24262478
https://vitrolife.secure.force.com/recruit/fRecruit__ApplyJob?vacancyNo=VN076,24301435
https://joabforsaljningab.varbi.com/what:job/jobID:357920/type:job/where:1/apply:1,24301291
https://infocare.workbuster.com/jobs/129660-full-stack-engineer?ref=platsbanken,24301111
https://emp.jobylon.com/jobs/66081-greenbyte-devops-engineer/?utm_source=ams&utm_medium=promotionserializer,24299386
https://cbre.weselect.com/p/utvecklingsinriktad-driftschef-till-molndal#apply-form,24298106
https://volvo-car-corporation.contactrh.com/jobs/9669/33869898,24296552
https://web103.reachmee.com/ext/I005/1035/main?site=6&validator=3038fcf1516ea1184a6da70a891f87da&lang=SE&rmpage=job&rmjob=17319,24296247
https://volvo-car-corporation.contactrh.com/jobs/9669/33869519,24296051
https://volvo-car-corporation.contactrh.com/jobs/9669/33866167,24295229
